Title,URL
IMG_6130.webp,https://images.leadconnectorhq.com/image/f_webp/q_80/r_320/u_https://storage.googleapis.com/msgsndr/ZvYXEcu0DmkCtuv5cGcG/media/68507af742a2531c96e1cdb4.webp
Window Sill - AFTER.webp,https://images.leadconnectorhq.com/image/f_webp/q_80/r_320/u_https://storage.googleapis.com/msgsndr/ZvYXEcu0DmkCtuv5cGcG/media/68507af76b97b26856fdc209.webp
Waiting for Doors.webp,https://images.leadconnectorhq.com/image/f_webp/q_80/r_320/u_https://storage.googleapis.com/msgsndr/ZvYXEcu0DmkCtuv5cGcG/media/68507af742a25329ede1cdb5.webp
Baron Kitchen Before.webp,https://images.leadconnectorhq.com/image/f_webp/q_80/r_320/u_https://storage.googleapis.com/msgsndr/ZvYXEcu0DmkCtuv5cGcG/media/68507af7bd2be4faeaaf3744.webp
Baron Shower Progress.webp,https://images.leadconnectorhq.com/image/f_webp/q_80/r_320/u_https://storage.googleapis.com/msgsndr/ZvYXEcu0DmkCtuv5cGcG/media/68507af790fc437ff6b829c7.webp
Baron Shower Completed 4.webp,https://images.leadconnectorhq.com/image/f_webp/q_80/r_320/u_https://storage.googleapis.com/msgsndr/ZvYXEcu0DmkCtuv5cGcG/media/68507af74a13d500e124f427.webp
EPS painting.webp,https://images.leadconnectorhq.com/image/f_webp/q_80/r_320/u_https://storage.googleapis.com/msgsndr/ZvYXEcu0DmkCtuv5cGcG/media/68507af7681f2d6cfc1bd95b.webp
Baron Bathroom shower BEFORE .webp,https://images.leadconnectorhq.com/image/f_webp/q_80/r_320/u_https://storage.googleapis.com/msgsndr/ZvYXEcu0DmkCtuv5cGcG/media/68507af7681f2d74071bd958.webp
EPS cover photo 2.webp,https://images.leadconnectorhq.com/image/f_webp/q_80/r_320/u_https://storage.googleapis.com/msgsndr/ZvYXEcu0DmkCtuv5cGcG/media/68507af7681f2d94af1bd95d.webp
EPS cover photo 1.webp,https://images.leadconnectorhq.com/image/f_webp/q_80/r_320/u_https://storage.googleapis.com/msgsndr/ZvYXEcu0DmkCtuv5cGcG/media/68507af7681f2d25641bd95c.webp
EPS maintenance.webp,https://images.leadconnectorhq.com/image/f_webp/q_80/r_320/u_https://storage.googleapis.com/msgsndr/ZvYXEcu0DmkCtuv5cGcG/media/68507af790fc434dcdb829c8.webp
Baron Shower Completed.webp,https://images.leadconnectorhq.com/image/f_webp/q_80/r_320/u_https://storage.googleapis.com/msgsndr/ZvYXEcu0DmkCtuv5cGcG/media/68507af7bd2be46566af3745.webp
EPS website photo 1.webp,https://images.leadconnectorhq.com/image/f_webp/q_80/r_320/u_https://storage.googleapis.com/msgsndr/ZvYXEcu0DmkCtuv5cGcG/media/68507af76b97b2a314fdc20a.webp
Retaining Wall Rebuild 2.webp,https://images.leadconnectorhq.com/image/f_webp/q_80/r_320/u_https://storage.googleapis.com/msgsndr/ZvYXEcu0DmkCtuv5cGcG/media/68507af742a253c12ce1cdb6.webp
Baromn Kitchen After - Landscape.webp,https://images.leadconnectorhq.com/image/f_webp/q_80/r_320/u_https://storage.googleapis.com/msgsndr/ZvYXEcu0DmkCtuv5cGcG/media/68507af7681f2d4b191bd959.webp
Window Sill - BEFORE.webp,https://images.leadconnectorhq.com/image/f_webp/q_80/r_320/u_https://storage.googleapis.com/msgsndr/ZvYXEcu0DmkCtuv5cGcG/media/68507af8681f2d348c1bd95e.webp
EPS excavation copy.webp,https://images.leadconnectorhq.com/image/f_webp/q_80/r_320/u_https://storage.googleapis.com/msgsndr/ZvYXEcu0DmkCtuv5cGcG/media/68507af74a13d59a2324f42a.webp
Baron Shower Demo.webp,https://images.leadconnectorhq.com/image/f_webp/q_80/r_320/u_https://storage.googleapis.com/msgsndr/ZvYXEcu0DmkCtuv5cGcG/media/68507af7681f2d5b3d1bd95a.webp
Baron Kitchen After.webp,https://images.leadconnectorhq.com/image/f_webp/q_80/r_320/u_https://storage.googleapis.com/msgsndr/ZvYXEcu0DmkCtuv5cGcG/media/68507af74a13d584d124f429.webp
Flooded Floor - AFTER.webp,https://images.leadconnectorhq.com/image/f_webp/q_80/r_320/u_https://storage.googleapis.com/msgsndr/ZvYXEcu0DmkCtuv5cGcG/media/68507af790fc435f1db829c5.webp
image3.webp,https://images.leadconnectorhq.com/image/f_webp/q_80/r_320/u_https://storage.googleapis.com/msgsndr/ZvYXEcu0DmkCtuv5cGcG/media/68507af74a13d5acb824f428.webp
Flooded Floor - BEFORE.webp,https://images.leadconnectorhq.com/image/f_webp/q_80/r_320/u_https://storage.googleapis.com/msgsndr/ZvYXEcu0DmkCtuv5cGcG/media/68507af7d97df52dbc67c83e.webp
Concrete Demo.webp,https://images.leadconnectorhq.com/image/f_webp/q_80/r_320/u_https://storage.googleapis.com/msgsndr/ZvYXEcu0DmkCtuv5cGcG/media/68507af790fc43828ab829c6.webp
EPS cover photo 2.webp,https://images.leadconnectorhq.com/image/f_webp/q_80/r_320/u_https://storage.googleapis.com/msgsndr/ZvYXEcu0DmkCtuv5cGcG/media/68506368d97df57e336772da.webp